"","stationName","latitude","longitude","stAddress1"
"1","6 Ave & Canal St","40.72243797","-74.00566443","6 Ave & Canal St"
"2","Broadway & E 22 St","40.7403432","-73.98955109","Broadway & E 22 St"
"3","8 Ave & W 31 St","40.7505853470215","-73.9946848154068","8 Ave & W 31 St"
"4","W 52 St & 6 Ave","40.7613298312481","-73.9798200130463","W 52 St & 6 Ave"
"5","W 52 St & 11 Ave","40.76727216","-73.99392888","W 52 St & 11 Ave"
"6","Franklin St & W Broadway","40.71911552","-74.00666661","Franklin St & W Broadway"
"7","St James Pl & Pearl St","40.71117416","-74.00016545","St James Pl & Pearl St"
"8","Atlantic Ave & Fort Greene Pl","40.68382604","-73.97632328","Atlantic Ave & Fort Greene Pl"
"9","Park Ave & St Edwards St","40.69608941","-73.97803415","Park Ave & St Edwards St"
"10","Lexington Ave & Classon Ave","40.68676793","-73.95928168","Lexington Ave & Classon Ave"
"11","Barrow St & Hudson St","40.73172428","-74.00674436","Barrow St & Hudson St"
"12","MacDougal St & Prince St","40.72710258","-74.00297088","MacDougal St & Prince St"
"13","Clinton St & Joralemon St","40.69239502","-73.99337909","Clinton St & Joralemon St"
"14","Nassau St & Navy St","40.69839895","-73.98068914","Nassau St & Navy St"
"15","Hudson St & Reade St","40.71625008","-74.0091059","Hudson St & Reade St"
"16","E 2 St & Avenue C","40.7208736","-73.98085795","E 2 St & Avenue C"
"17","Cleveland Pl & Spring St","40.722103786686","-73.997249007225","Cleveland Pl & Spring St"
"18","Henry St & Atlantic Ave","40.69089272","-73.99612349","Henry St & Atlantic Ave"
"19","LaGuardia Pl & W 3 St","40.72917025","-73.99810231","LaGuardia Pl & W 3 St"
"20","E 47 St & 2 Ave","40.75323098","-73.97032517","E 47 St & 2 Ave"
"21","E 39 St & 3 Ave","40.7489006","-73.97604882","E 39 St & 3 Ave"
"22","W 18 St & 6 Ave","40.73971301","-73.99456405","W 18 St & 6 Ave"
"23","Broadway & W 49 St","40.7606832709659","-73.9845272898674","Broadway & W 49 St"
"24","E 25 St & 1 Ave","40.7381765","-73.97738662","E 25 St & 1 Ave"
"25","Liberty St & Broadway","40.70905623","-74.01043382","Liberty St & Broadway"
"26","W 16 St & The High Line","40.74334935","-74.00681753","W 16 St & The High Line"
"27","Columbia Heights & Cranberry St","40.70037867","-73.99548059","Columbia Heights & Cranberry St"
"28","Old Fulton St","40.70277159","-73.99383605","Old Fulton St"
"29","W 13 St & 7 Ave","40.73781509","-73.99994661","W 13 St & 7 Ave"
"30","Spruce St & Nassau St","40.71146364","-74.00552427","Spruce St & Nassau St"
"31","E 48 St & 3 Ave","40.7546011026","-73.971878855","E 48 St & 3 Ave"
"32","Great Jones St","40.72743423","-73.99379025","Great Jones St"
"33","St Marks Pl & 2 Ave","40.7284186","-73.98713956","St Marks Pl & 2 Ave"
"34","E 11 St & 2 Ave","40.73047309","-73.98672378","E 11 St & 2 Ave"
"35","Bank St & Washington St","40.7361967","-74.00859207","Bank St & Washington St"
"36","Willoughby St & Fleet St","40.69196566","-73.9813018","Willoughby St & Fleet St"
"37","DeKalb Ave & S Portland Ave","40.68981035","-73.97493121","DeKalb Ave & S Portland Ave"
"38","Carlton Ave & Flushing Ave","40.697787","-73.973736","Carlton Ave & Flushing Ave"
"39","Fulton St & Rockwell Pl","40.688226","-73.979382","Fulton St & Rockwell Pl"
"40","Willoughby Ave & Hall St","40.69196035","-73.96536851","Willoughby Ave & Hall St"
"41","Myrtle Ave & St Edwards St","40.69327018","-73.97703874","Myrtle Ave & St Edwards St"
"42","Perry St & Bleecker St","40.73535398","-74.00483091","Perry St & Bleecker St"
"43","Laight St & Hudson St","40.72185379","-74.00771779","Laight St & Hudson St"
"44","Harrison St & Hudson St","40.71870987","-74.0090009","Harrison St & Hudson St"
"45","Mott St & Prince St","40.72317958","-73.99480012","Mott St & Prince St"
"46","MacDougal St & Washington Sq","40.73226398","-73.99852205","MacDougal St & Washington Sq"
"47","W 11 St & 6 Ave","40.73532427","-73.99800419","W 11 St & 6 Ave"
"48","Lispenard St & Broadway","40.71939226","-74.00247214","Lispenard St & Broadway"
"49","DeKalb Ave & Vanderbilt Ave","40.68940747","-73.96885458","DeKalb Ave & Vanderbilt Ave"
"50","South St & Whitehall St","40.70122128","-74.01234218","South St & Whitehall St"
"51","Broad St & Bridge St","40.70365182","-74.01167797","Broad St & Bridge St"
"52","Johnson St & Gold St","40.69474881","-73.98362464","Johnson St & Gold St"
"53","Washington Park","40.6917823","-73.9737299","Washington Park"
"54","Maiden Ln & Pearl St","40.70706456","-74.00731853","Maiden Ln & Pearl St"
"55","Stanton St & Chrystie St","40.72229346","-73.99147535","Stanton St & Chrystie St"
"56","Avenue D & E 8 St","40.72368361","-73.97574813","Avenue D & E 8 St"
"57","Broadway & W 36 St","40.75097711","-73.98765428","Broadway & W 36 St"
"58","Howard St & Centre St","40.71910537","-73.99973337","Howard St & Centre St"
"59","Adelphi St & Myrtle Ave","40.69308257","-73.97178913","Adelphi St & Myrtle Ave"
"60","Lafayette Ave & Fort Greene Pl","40.68691865","-73.976682","Lafayette Ave & Fort Greene Pl"
"61","Washington Ave & Greene Ave","40.68650065","-73.96563307","Washington Ave & Greene Ave"
"62","Duane St & Greenwich St","40.71748752","-74.0104554","Duane St & Greenwich St"
"63","Concord St & Bridge St","40.69766564","-73.98476437","Concord St & Bridge St"
"64","Peck Slip & Front St","40.707873","-74.00167","Peck Slip & Front St"
"65","E 10 St & 5 Ave","40.73331967","-73.99510132","E 10 St & 5 Ave"
"66","Grand Army Plaza & Central Park S","40.7643971","-73.97371465","Grand Army Plaza & Central Park S"
"67","Kent Ave & S 11 St","40.7076449441757","-73.9684152603149","Kent Ave & S 11 St"
"68","Broadway & E 14 St","40.73454567","-73.99074142","Broadway & E 14 St"
"69","Monroe St & Classon Ave","40.6845683","-73.95881081","Monroe St & Classon Ave"
"70","Madison St & Montgomery St","40.713126","-73.984844","Madison St & Montgomery St"
"71","Lafayette St & E 8 St","40.7302066052995","-73.9910262823105","Lafayette St & E 8 St"
"72","Pike St & E Broadway","40.71406667","-73.99293911","Pike St & E Broadway"
"73","Division St & Bowery","40.71413089","-73.9970468","Division St & Bowery"
"74","E 15 St & 3 Ave","40.734232","-73.986923","E 15 St & 3 Ave"
"75","3 Ave & Schermerhorn St","40.68683208","-73.9796772","3 Ave & Schermerhorn St"
"76","E 2 St & Avenue B","40.72217444","-73.98368779","E 2 St & Avenue B"
"77","Avenue D & E 3 St","40.72082834","-73.97793172","Avenue D & E 3 St"
"78","Mercer St & Spring St","40.72362738","-73.99949601","Mercer St & Spring St"
"79","Broadway & Battery Pl","40.70463334","-74.01361706","Broadway & Battery Pl"
"80","E 58 St & 3 Ave","40.76095756","-73.96724467","E 58 St & 3 Ave"
"81","Canal St & Rutgers St","40.71427487","-73.98990025","Canal St & Rutgers St"
"82","St James Pl & Oliver St","40.71307916","-73.99851193","St James Pl & Oliver St"
"83","Murray St & West St","40.7149787","-74.013012","Murray St & West St"
"84","State St & Smith St","40.68926942","-73.98912867","State St & Smith St"
"85","Norfolk St & Broome St","40.7172274","-73.98802084","Norfolk St & Broome St"
"86","Allen St & Stanton St","40.722055","-73.989111","Allen St & Stanton St"
"87","Washington Ave & Park Ave","40.69610226","-73.96751037","Washington Ave & Park Ave"
"88","Cadman Plaza West & Montague St","40.69383","-73.990539","Cadman Plaza West & Montague St"
"89","South St & Gouverneur Ln","40.70355377","-74.00670227","South St & Gouverneur Ln"
"90","Fulton St & William St","40.70955958","-74.00653609","Fulton St & William St"
"91","E 6 St & Avenue B","40.72453734","-73.98185424","E 6 St & Avenue B"
"92","Fulton St & Broadway","40.711066","-74.009447","Fulton St & Broadway"
"93","Leonard St & Church St","40.717571","-74.005549","Leonard St & Church St"
"94","Cadman Plaza E & Red Cross Pl","40.69991755","-73.98971773","Cadman Plaza E & Red Cross Pl"
"95","Clinton St & Tillary St","40.696192","-73.991218","Clinton St & Tillary St"
"96","Lawrence St & Willoughby St","40.69236178","-73.98631746","Lawrence St & Willoughby St"
"97","DeKalb Ave & Hudson Ave","40.689888","-73.981013","DeKalb Ave & Hudson Ave"
"98","E 19 St & 3 Ave","40.73624527","-73.98473765","E 19 St & 3 Ave"
"99","E 11 St & 1 Ave","40.72953837","-73.98426726","E 11 St & 1 Ave"
"100","Vesey Pl & River Terrace","40.7153379","-74.01658354","Vesey Pl & River Terrace"
"101","Watts St & Greenwich St","40.72405549","-74.00965965","Watts St & Greenwich St"
"102","Reade St & Broadway","40.71450451","-74.00562789","Reade St & Broadway"
"103","Pike St & Monroe St","40.71173107","-73.99193043","Pike St & Monroe St"
"104","Cherry St","40.71219906","-73.97948148","Cherry St"
"105","W 20 St & 7 Ave","40.74238787","-73.99726235","W 20 St & 7 Ave"
"106","Washington Pl & Broadway","40.72903917","-73.99404649","Washington Pl & Broadway"
"107","Sullivan St & Washington Sq","40.73047747","-73.99906065","Sullivan St & Washington Sq"
"108","Old Slip & Front St","40.7037992","-74.00838676","Old Slip & Front St"
"109","Avenue D & E 12 St","40.72580614","-73.97422494","Avenue D & E 12 St"
"110","Madison St & Clinton St","40.71269042","-73.98776323","Madison St & Clinton St"
"111","Stanton St & Mangin St","40.71782143","-73.97628939","Stanton St & Mangin St"
"112","Columbia St & Rivington St","40.71739973","-73.98016555","Columbia St & Rivington St"
"113","Clinton Ave & Flushing Ave","40.69794","-73.96986848","Clinton Ave & Flushing Ave"
"114","Monroe St & Bedford Ave","40.6851443","-73.95380904","Monroe St & Bedford Ave"
"115","Bank St & Hudson St","40.73652889","-74.00618026","Bank St & Hudson St"
"116","Greenwich St & W Houston St","40.728846","-74.008591","Greenwich St & W Houston St"
"117","Rivington St & Ridge St","40.71850211","-73.98329859","Rivington St & Ridge St"
"118","Clinton St & Grand St","40.71559509","-73.9870295","Clinton St & Grand St"
"119","Front St & Maiden Ln","40.70530954","-74.00612572","Front St & Maiden Ln"
"120","S Portland Ave & Hanson Pl","40.68539567","-73.97431458","S Portland Ave & Hanson Pl"
"121","Emerson Pl & Myrtle Ave","40.69363137","-73.96223558","Emerson Pl & Myrtle Ave"
"122","Bayard St & Baxter St","40.71602118","-73.99974372","Bayard St & Baxter St"
"123","Bialystoker Pl & Delancey St","40.71622644","-73.98261206","Bialystoker Pl & Delancey St"
"124","E 11 St & Broadway","40.73261787","-73.99158043","E 11 St & Broadway"
"125","Christopher St & Greenwich St","40.73291553","-74.00711384","Christopher St & Greenwich St"
"126","E 47 St & Park Ave","40.75510267","-73.97498696","E 47 St & Park Ave"
"127","William St & Pine St","40.70717936","-74.00887308","William St & Pine St"
"128","Allen St & Hester St","40.71605866","-73.99190759","Allen St & Hester St"
"129","Broadway & W 37 St","40.75172632","-73.98753523","Broadway & W 37 St"
"130","West Thames St","40.70834698","-74.01713445","West Thames St"
"131","Lafayette Ave & Classon Ave","40.68900443","-73.96023854","Lafayette Ave & Classon Ave"
"132","Fulton St & Grand Ave","40.68223166","-73.9614583","Fulton St & Grand Ave"
"133","Clinton Ave & Myrtle Ave","40.693261","-73.968896","Clinton Ave & Myrtle Ave"
"134","Carmine St & 6 Ave","40.73038599","-74.00214988","Carmine St & 6 Ave"
"135","Washington Pl & 6 Ave","40.73224119","-74.00026394","Washington Pl & 6 Ave"
"136","Franklin Ave & Myrtle Ave","40.694546087246","-73.9580136537552","Franklin Ave & Myrtle Ave"
"137","Willoughby Ave & Walworth St","40.69331716","-73.95381995","Willoughby Ave & Walworth St"
"138","John St & William St","40.70862144","-74.00722156","John St & William St"
"139","W 31 St & 7 Ave","40.749156","-73.9916","W 31 St & 7 Ave"
"140","W 4 St & 7 Ave S","40.73401143","-74.00293877","W 4 St & 7 Ave S"
"141","University Pl & E 14 St","40.73492695","-73.99200509","University Pl & E 14 St"
"142","Greenwich Ave & Charles St","40.735238","-74.000271","Greenwich Ave & Charles St"
"143","E 55 St & 2 Ave","40.75797322","-73.96603308","E 55 St & 2 Ave"
"144","Centre St & Worth St","40.71494807","-74.00234482","Centre St & Worth St"
"145","Centre St & Chambers St","40.71273266","-74.0046073","Centre St & Chambers St"
"146","W 26 St & 10 Ave","40.749717753","-74.002950346","W 26 St & 10 Ave"
"147","Broadway & Berry St","40.71044554","-73.96525063","Broadway & Berry St"
"148","Duffield St & Willoughby St","40.69221589","-73.9842844","Duffield St & Willoughby St"
"149","Clark St & Henry St","40.69760127","-73.99344559","Clark St & Henry St"
"150","Jay St & Tech Pl","40.695065","-73.987167","Jay St & Tech Pl"
"151","E 5 St & Avenue C","40.72299208","-73.97995466","E 5 St & Avenue C"
"152","E 9 St & Avenue C","40.72521311","-73.97768752","E 9 St & Avenue C"
"153","Lefferts Pl & Franklin Ave","40.680342423","-73.9557689392","Lefferts Pl & Franklin Ave"
"154","Fulton St & Clermont Ave","40.68415748","-73.96922273","Fulton St & Clermont Ave"
"155","Atlantic Ave & Furman St","40.69165183","-73.9999786","Atlantic Ave & Furman St"
"156","Lafayette Ave & St James Pl","40.68851534","-73.9647628","Lafayette Ave & St James Pl"
"157","Pitt St & Stanton St","40.71926081","-73.98178024","Pitt St & Stanton St"
"158","Allen St & Rivington St","40.72019576","-73.98997825","Allen St & Rivington St"
"159","E 2 St & 2 Ave","40.72502876","-73.99069656","E 2 St & 2 Ave"
"160","Washington St & Gansevoort St","40.739323","-74.008119","Washington St & Gansevoort St"
"161","Hicks St & Montague St","40.69512845","-73.99595065","Hicks St & Montague St"
"162","Henry St & Poplar St","40.700469","-73.991454","Henry St & Poplar St"
"163","Market St & Cherry St","40.71076228","-73.99400398","Market St & Cherry St"
"164","DeKalb Ave & Skillman St","40.6906495","-73.95643107","DeKalb Ave & Skillman St"
"165","Suffolk St & Stanton St","40.72066442","-73.98517977","Suffolk St & Stanton St"
"166","E 6 St & Avenue D","40.72228087","-73.97668709","E 6 St & Avenue D"
"167","Forsyth St & Canal St","40.7158155","-73.99422366","Forsyth St & Canal St"
"168","Pearl St & Anchorage Pl","40.70281858","-73.98765762","Pearl St & Anchorage Pl"
"169","Pearl St & Hanover Square","40.7047177","-74.00926027","Pearl St & Hanover Square"
"170","Cumberland St & Lafayette Ave","40.68753406","-73.97265183","Cumberland St & Lafayette Ave"
"171","Barclay St & Church St","40.71291224","-74.01020234","Barclay St & Church St"
"172","Front St & Gold St","40.70224","-73.982578","Front St & Gold St"
"173","Carlton Ave & Park Ave","40.69580705","-73.97355569","Carlton Ave & Park Ave"
"174","Clermont Ave & Lafayette Ave","40.68764484","-73.96968902","Clermont Ave & Lafayette Ave"
"175","Clermont Ave & Park Ave","40.69573398","-73.97129668","Clermont Ave & Park Ave"
"176","W 59 St & 10 Ave","40.770513","-73.988038","W 59 St & 10 Ave"
"177","W 54 St & 9 Ave","40.76584941","-73.98690506","W 54 St & 9 Ave"
"178","West St & Chambers St","40.71754834","-74.01322069","West St & Chambers St"
"179","Bus Slip & State St","40.701907","-74.013942","Bus Slip & State St"
"180","E 7 St & Avenue A","40.72621788","-73.98379855","E 7 St & Avenue A"
"181","W 21 St & 6 Ave","40.74173969","-73.99415556","W 21 St & 6 Ave"
"182","Hancock St & Bedford Ave","40.68216564","-73.95399026","Hancock St & Bedford Ave"
"183","Macon St & Nostrand Ave","40.6809833854","-73.9500479759","Macon St & Nostrand Ave"
"184","St Marks Pl & 1 Ave","40.72779126","-73.98564945","St Marks Pl & 1 Ave"
"185","E 4 St & 2 Ave","40.7262807","-73.98978041","E 4 St & 2 Ave"
"186","E 45 St & 3 Ave","40.75255434","-73.97282625","E 45 St & 3 Ave"
"187","E 52 St & 2 Ave","40.756014","-73.967416","E 52 St & 2 Ave"
"188","W 27 St & 7 Ave","40.746647","-73.993915","W 27 St & 7 Ave"
"189","Bedford Ave & S 9 St","40.70853074","-73.96408963","Bedford Ave & S 9 St"
"190","E 10 St & Avenue A","40.72740794","-73.98142006","E 10 St & Avenue A"
"191","W 24 St & 7 Ave","40.74487634","-73.99529885","W 24 St & 7 Ave"
"192","8 Ave & W 52 St","40.76370739","-73.9851615","8 Ave & W 52 St"
"193","W 37 St & 10 Ave","40.75660359","-73.9979009","W 37 St & 10 Ave"
"194","W 49 St & 8 Ave","40.76227205","-73.98788205","W 49 St & 8 Ave"
"195","W 22 St & 8 Ave","40.74475148","-73.99915362","W 22 St & 8 Ave"
"196","E 51 St & 1 Ave","40.75455731","-73.96592976","E 51 St & 1 Ave"
"197","1 Ave & E 44 St","40.75001986","-73.96905301","1 Ave & E 44 St"
"198","E 53 St & Madison Ave","40.7597108","-73.97402311","E 53 St & Madison Ave"
"199","11 Ave & W 27 St","40.751396","-74.005226","11 Ave & W 27 St"
"200","W 20 St & 11 Ave","40.746745","-74.007756","W 20 St & 11 Ave"
"201","S 4 St & Wythe Ave","40.71285887","-73.96590294","S 4 St & Wythe Ave"
"202","E 20 St & 2 Ave","40.73587678","-73.98205027","E 20 St & 2 Ave"
"203","W 22 St & 10 Ave","40.74691959","-74.00451887","W 22 St & 10 Ave"
"204","Broadway & W 41 St","40.75513557","-73.98658032","Broadway & W 41 St"
"205","W 25 St & 6 Ave","40.74395411","-73.99144871","W 25 St & 6 Ave"
"206","Dean St & 4 Ave","40.68312489","-73.97895137","Dean St & 4 Ave"
"207","Broadway & W 56 St","40.7652654","-73.98192338","Broadway & W 56 St"
"208","Broadway & W 53 St","40.76344058","-73.98268129","Broadway & W 53 St"
"209","W 20 St & 8 Ave","40.74345335","-74.00004031","W 20 St & 8 Ave"
"210","Grand St & Havemeyer St","40.71286844","-73.95698119","Grand St & Havemeyer St"
"211","E 32 St & Park Ave","40.7457121","-73.98194829","E 32 St & Park Ave"
"212","Rivington St & Chrystie St","40.72110063","-73.9919254","Rivington St & Chrystie St"
"213","5 Ave & E 29 St","40.7451677","-73.98683077","5 Ave & E 29 St"
"214","E 31 St & 3 Ave","40.74394314","-73.97966069","E 31 St & 3 Ave"
"215","W 41 St & 8 Ave","40.75640548","-73.9900262","W 41 St & 8 Ave"
"216","11 Ave & W 41 St","40.76030096","-73.99884222","11 Ave & W 41 St"
"217","9 Ave & W 45 St","40.76019252","-73.9912551","9 Ave & W 45 St"
"218","W 53 St & 10 Ave","40.76669671","-73.99061728","W 53 St & 10 Ave"
"219","S 3 St & Bedford Ave","40.71260486","-73.96264403","S 3 St & Bedford Ave"
"220","W 15 St & 7 Ave","40.73935542","-73.99931783","W 15 St & 7 Ave"
"221","E 12 St & 3 Ave","40.73223272","-73.98889957","E 12 St & 3 Ave"
"222","W 44 St & 5 Ave","40.75500254","-73.98014437","W 44 St & 5 Ave"
"223","W 37 St & 5 Ave","40.75038009","-73.98338988","W 37 St & 5 Ave"
"224","Broadway & W 29 St","40.7462009","-73.98855723","Broadway & W 29 St"
"225","E 20 St & FDR Drive","40.73314259","-73.97573881","E 20 St & FDR Drive"
"226","8 Ave & W 33 St","40.751551","-73.993934","8 Ave & W 33 St"
"227","E 24 St & Park Ave S","40.74096374","-73.98602213","E 24 St & Park Ave S"
"228","W 33 St & 7 Ave","40.75019995","-73.99093085","W 33 St & 7 Ave"
"229","W 45 St & 6 Ave","40.7568001","-73.98291153","W 45 St & 6 Ave"
"230","W 26 St & 8 Ave","40.74734825","-73.99723551","W 26 St & 8 Ave"
"231","W 47 St & 10 Ave","40.76269882","-73.99301222","W 47 St & 10 Ave"
"232","E 16 St & 5 Ave","40.73726186","-73.99238967","E 16 St & 5 Ave"
"233","E 17 St & Broadway","40.73704984","-73.99009296","E 17 St & Broadway"
"234","Broadway & W 32 St","40.74854862","-73.98808416","Broadway & W 32 St"
"235","Broadway & W 60 St","40.76915505","-73.98191841","Broadway & W 60 St"
"236","Broadway & W 51 St","40.76228826","-73.98336183","Broadway & W 51 St"
"237","FDR Drive & E 35 St","40.744219","-73.97121214","FDR Drive & E 35 St"
"238","Henry St & Grand St","40.714215","-73.981346","Henry St & Grand St"
"239","E 20 St & Park Ave","40.73827428","-73.98751968","E 20 St & Park Ave"
"240","1 Ave & E 16 St","40.73221853","-73.98165557","1 Ave & E 16 St"
"241","6 Ave & W 33 St","40.74901271","-73.98848395","6 Ave & W 33 St"
"242","E 25 St & 2 Ave","40.73912601","-73.97973776","E 25 St & 2 Ave"
"243","W 46 St & 11 Ave","40.76341379","-73.99667444","W 46 St & 11 Ave"
"244","9 Ave & W 22 St","40.7454973","-74.00197139","9 Ave & W 22 St"
"245","W 56 St & 10 Ave","40.768254","-73.988639","W 56 St & 10 Ave"
"246","12 Ave & W 40 St","40.76087502","-74.00277668","12 Ave & W 40 St"
"247","W 43 St & 10 Ave","40.76009437","-73.99461843","W 43 St & 10 Ave"
"248","E 47 St & 1 Ave","40.75206862","-73.96784384","E 47 St & 1 Ave"
"249","Pershing Square South","40.751581","-73.97791","Pershing Square South"
"250","E 39 St & 2 Ave","40.74780373","-73.9734419","E 39 St & 2 Ave"
"251","Pershing Square North","40.751873","-73.977706","Pershing Square North"
"252","W 52 St & 5 Ave","40.75992262","-73.97648516","W 52 St & 5 Ave"
"253","E 51 St & Lexington Ave","40.75714758","-73.97207836","E 51 St & Lexington Ave"
"254","W 38 St & 8 Ave","40.75466591","-73.99138152","W 38 St & 8 Ave"
"255","W 43 St & 6 Ave","40.75527307","-73.98316936","W 43 St & 6 Ave"
"256","W 34 St & 11 Ave","40.75594159","-74.0021163","W 34 St & 11 Ave"
"257","E 33 St & 5 Ave","40.74765947","-73.98490707","E 33 St & 5 Ave"
"258","2 Ave & E 31 St","40.74290902","-73.97706058","2 Ave & E 31 St"
"259","W 42 St & 8 Ave","40.7575699","-73.99098507","W 42 St & 8 Ave"
"260","11 Ave & W 59 St","40.7714967105444","-73.9904603362083","11 Ave & W 59 St"
"261","Forsyth St & Broome St","40.71893904","-73.99266288","Forsyth St & Broome St"
"262","S 5 Pl & S 5 St","40.710451","-73.960876","S 5 Pl & S 5 St"
"263","Broadway & W 38 St","40.75299641","-73.98721619","Broadway & W 38 St"
"264","Water - Whitehall Plaza","40.70255065","-74.0127234","Water - Whitehall Plaza"
"265","1 Ave & E 30 St","40.74144387","-73.97536082","1 Ave & E 30 St"
"266","Metropolitan Ave & Bedford Ave","40.71534825","-73.96024116","Metropolitan Ave & Bedford Ave"
"267","Lexington Ave & E 29 St","40.7431155537649","-73.9821535348892","Lexington Ave & E 29 St"
"268","E 23 St & 1 Ave","40.736502","-73.97809472","E 23 St & 1 Ave"
"269","E 30 St & Park Ave S","40.74444921","-73.98303529","E 30 St & Park Ave S"
"270","Front St & Washington St","40.70255088","-73.98940236","Front St & Washington St"
"271","Wythe Ave & Metropolitan Ave","40.716887","-73.963198","Wythe Ave & Metropolitan Ave"
"272","1 Ave & E 18 St","40.7338121919663","-73.9805442094803","1 Ave & E 18 St"
"273","Railroad Ave & Kay Ave","40.70531194","-73.97100056","Railroad Ave & Kay Ave"
"274","Central Park S & 6 Ave","40.76590936","-73.97634151","Central Park S & 6 Ave"
"275","Little West St & 1 Pl","40.70569254","-74.01677685","Little West St & 1 Pl"
"276","Catherine St & Monroe St","40.71117444","-73.99682619","Catherine St & Monroe St"
"277","Grand St & Greene St","40.72165481","-74.00234737","Grand St & Greene St"
"278","E 27 St & 1 Ave","40.739445","-73.976806","E 27 St & 1 Ave"
"279","E 43 St & 2 Ave","40.75022392","-73.97121414","E 43 St & 2 Ave"
"280","W 45 St & 8 Ave","40.75929124","-73.98859651","W 45 St & 8 Ave"
"281","E 60 St & York Ave","40.759107","-73.959223","E 60 St & York Ave"
"282","E 55 St & Lexington Ave","40.75968085","-73.97031366","E 55 St & Lexington Ave"
"283","South End Ave & Liberty St","40.711512","-74.015756","South End Ave & Liberty St"
"284","Kent Ave & N 7 St","40.7203677529846","-73.9616507291794","Kent Ave & N 7 St"
"285","Kingston Ave & Herkimer St","40.67890679","-73.94142771","Kingston Ave & Herkimer St"
"286","Fulton St & Utica Ave","40.6794268","-73.9298911","Fulton St & Utica Ave"
"287","Lewis Ave & Decatur St","40.6814598","-73.934903","Lewis Ave & Decatur St"
"288","Albany Ave & Fulton St","40.6800105","-73.938475","Albany Ave & Fulton St"
"289","Marcus Garvey Blvd & Macon St","40.682601","-73.938037","Marcus Garvey Blvd & Macon St"
"290","Halsey St & Tompkins Ave","40.6823687","-73.944118","Halsey St & Tompkins Ave"
"291","Putnam Ave & Nostrand Ave","40.68402","-73.94977","Putnam Ave & Nostrand Ave"
"292","Cambridge Pl & Gates Ave","40.68488","-73.96304","Cambridge Pl & Gates Ave"
"293","Putnam Ave & Throop Ave","40.6851532","-73.94111","Putnam Ave & Throop Ave"
"294","Lewis Ave & Madison St","40.686312","-73.935775","Lewis Ave & Madison St"
"295","Marcy Ave & Lafayette Ave","40.6900815","-73.947915","Marcy Ave & Lafayette Ave"
"296","Greene Ave & Throop Ave","40.6894932","-73.942061","Greene Ave & Throop Ave"
"297","Greene Ave & Nostrand Ave","40.6883337","-73.950916","Greene Ave & Nostrand Ave"
"298","Kosciuszko St & Nostrand Ave","40.69072549","-73.95133465","Kosciuszko St & Nostrand Ave"
"299","Kosciuszko St & Tompkins Ave","40.69128258","-73.9452416","Kosciuszko St & Tompkins Ave"
"300","Lewis Ave & Kosciuszko St","40.69237074","-73.93705428","Lewis Ave & Kosciuszko St"
"301","Pulaski St & Marcus Garvey Blvd","40.6933982","-73.939877","Pulaski St & Marcus Garvey Blvd"
"302","Willoughby Ave & Tompkins Ave","40.69425403","-73.94626915","Willoughby Ave & Tompkins Ave"
"303","Throop Ave & Myrtle Ave","40.69622937","-73.94371094","Throop Ave & Myrtle Ave"
"304","Myrtle Ave & Marcy Ave","40.69539817","-73.94954908","Myrtle Ave & Marcy Ave"
"305","Nostrand Ave & Myrtle Ave","40.69527008","-73.95238108","Nostrand Ave & Myrtle Ave"
"306","Myrtle Ave & Lewis Ave","40.69681963","-73.93756926","Myrtle Ave & Lewis Ave"
"307","Union Ave & Wallabout St","40.70029511","-73.95032283","Union Ave & Wallabout St"
"308","Tompkins Ave & Hopkins St","40.69957608","-73.94708417","Tompkins Ave & Hopkins St"
"309","Broadway & Whipple St","40.7016657","-73.9437303","Broadway & Whipple St"
"310","Humboldt St & Varet St","40.7031724","-73.940636","Humboldt St & Varet St"
"311","Lorimer St & Broadway","40.70411791","-73.94818595","Lorimer St & Broadway"
"312","McKibbin St & Manhattan Ave","40.70510918","-73.94407279","McKibbin St & Manhattan Ave"
"313","Boerum St & Broadway","40.70538077","-73.94976519","Boerum St & Broadway"
"314","Leonard St & Boerum St","40.70583339","-73.94644578","Leonard St & Boerum St"
"315","Montrose Ave & Bushwick Ave","40.70767788","-73.94016171","Montrose Ave & Bushwick Ave"
"316","Division Ave & Marcy Ave","40.70708701","-73.95796783","Division Ave & Marcy Ave"
"317","Scholes St & Manhattan Ave","40.70870368","-73.9448625","Scholes St & Manhattan Ave"
"318","Stagg St & Union Ave","40.70877084","-73.95095259","Stagg St & Union Ave"
"319","Broadway & Roebling St","40.7092482627616","-73.9606314897537","Broadway & Roebling St"
"320","S 4 St & Rodney St","40.70934","-73.95608","S 4 St & Rodney St"
"321","Graham Ave & Grand St","40.711863","-73.944024","Graham Ave & Grand St"
"322","Hope St & Union Ave","40.71167351","-73.95141312","Hope St & Union Ave"
"323","Bushwick Ave & Powers St","40.71247661","-73.94100005","Bushwick Ave & Powers St"
"324","Roebling St & N 4 St","40.71469","-73.95739","Roebling St & N 4 St"
"325","Graham Ave & Conselyea St","40.715143","-73.944507","Graham Ave & Conselyea St"
"326","Metropolitan Ave & Meeker Ave","40.71413311","-73.95234386","Metropolitan Ave & Meeker Ave"
"327","Union Ave & Jackson St","40.7160751","-73.952029","Union Ave & Jackson St"
"328","Frost St & Meeker St","40.71764","-73.94882","Frost St & Meeker St"
"329","Berry St & N 8 St","40.7190095","-73.95852515","Berry St & N 8 St"
"330","N 6 St & Bedford Ave","40.71745169","-73.95850939","N 6 St & Bedford Ave"
"331","Graham Ave & Withers St","40.7169811","-73.94485918","Graham Ave & Withers St"
"332","Graham Ave & Herbert St","40.71929301","-73.94500379","Graham Ave & Herbert St"
"333","Union Ave & N 12 St","40.71924","-73.95242","Union Ave & N 12 St"
"334","Nassau Ave & Newell St","40.7248125644002","-73.947526216507","Nassau Ave & Newell St"
"335","N 12 St & Bedford Ave","40.72079821","-73.95484712","N 12 St & Bedford Ave"
"336","Driggs Ave & Lorimer St","40.72179134","-73.9504154","Driggs Ave & Lorimer St"
"337","N 15 St & Wythe Ave","40.724055","-73.955736","N 15 St & Wythe Ave"
"338","Driggs Ave & N Henry St","40.72325","-73.94308","Driggs Ave & N Henry St"
"339","Bedford Ave & Nassau Ave","40.72311651","-73.95212324","Bedford Ave & Nassau Ave"
"340","Nassau Ave & Russell St","40.72557","-73.94434","Nassau Ave & Russell St"
"341","Banker St & Meserole Ave","40.72606","-73.95621","Banker St & Meserole Ave"
"342","Meserole Ave & Manhattan Ave","40.72708584","-73.95299117","Meserole Ave & Manhattan Ave"
"343","Milton St & Franklin St","40.72906","-73.95779","Milton St & Franklin St"
"344","Greenpoint Ave & Manhattan Ave","40.73026","-73.95394","Greenpoint Ave & Manhattan Ave"
"345","India St & Manhattan Ave","40.73232194","-73.9550858","India St & Manhattan Ave"
"346","Huron St & Franklin St","40.73266","-73.95826","Huron St & Franklin St"
"347","Franklin St & Dupont St","40.73564","-73.95866","Franklin St & Dupont St"
"348","McGuinness Blvd & Eagle St","40.73555","-73.95284","McGuinness Blvd & Eagle St"
"349","Vernon Blvd & 50 Ave","40.74232744","-73.95411749","Vernon Blvd & 50 Ave"
"350","Jackson Ave & 46 Rd","40.74524768","-73.94733276","Jackson Ave & 46 Rd"
"351","48 Ave & 5 St","40.7443632870669","-73.9558732509613","48 Ave & 5 St"
"352","31 St & Thomson Ave","40.74469738","-73.93540375","31 St & Thomson Ave"
"353","46 Ave & 5 St","40.74731","-73.95451","46 Ave & 5 St"
"354","45 Rd & 11 St","40.74708586","-73.94977234","45 Rd & 11 St"
"355","44 Dr & Jackson Ave","40.74718234","-73.9432635","44 Dr & Jackson Ave"
"356","9 St & 44 Rd","40.74966","-73.9521","9 St & 44 Rd"
"357","21 St & 43 Ave","40.75052534","-73.94594845","21 St & 43 Ave"
"358","Queens Plaza North & Crescent St","40.75110165","-73.94073717","Queens Plaza North & Crescent St"
"359","21 St & Queens Plaza North","40.75325964","-73.94335788","21 St & Queens Plaza North"
"360","E 68 St & 3 Ave","40.7671284034954","-73.9622461795807","E 68 St & 3 Ave"
"361","E 59 St & Madison Ave","40.76350532","-73.97109243","E 59 St & Madison Ave"
"362","3 Ave & E 62 St","40.76312584","-73.96526895","3 Ave & E 62 St"
"363","E 75 St & 3 Ave","40.77112927","-73.95772297","E 75 St & 3 Ave"
"364","5 Ave & E 63 St","40.766368","-73.971518","5 Ave & E 63 St"
"365","5 Ave & E 73 St","40.77282817","-73.96685276","5 Ave & E 73 St"
"366","E 72 St & Park Ave","40.7711828754066","-73.9640942215919","E 72 St & Park Ave"
"367","1 Ave & E 78 St","40.77140426","-73.9535166","1 Ave & E 78 St"
"368","1 Ave & E 68 St","40.76500525","-73.95818491","1 Ave & E 68 St"
"369","1 Ave & E 62 St","40.7612274","-73.96094022","1 Ave & E 62 St"
"370","5 Ave & E 78 St","40.7763214218227","-73.9642739295959","5 Ave & E 78 St"
"371","E 81 St & Park Ave","40.77677702","-73.9590097","E 81 St & Park Ave"
"372","E 84 St & Park Ave","40.77862688","-73.95772073","E 84 St & Park Ave"
"373","E 81 St & 3 Ave","40.77573034","-73.9567526","E 81 St & 3 Ave"
"374","E 85 St & 3 Ave","40.77801203","-73.95407149","E 85 St & 3 Ave"
"375","E 84 St & 1 Ave","40.77565541","-73.95068615","E 84 St & 1 Ave"
"376","E 85 St & York Ave","40.77536905","-73.94803392","E 85 St & York Ave"
"377","E 81 St & York Ave","40.7728384","-73.94989233","E 81 St & York Ave"
"378","3 Ave & E 71 St","40.76873687","-73.96119945","3 Ave & E 71 St"
"379","E 77 St & 3 Ave","40.77314236","-73.95856158","E 77 St & 3 Ave"
"380","Lexington Ave & E 63 St","40.76440023","-73.96648977","Lexington Ave & E 63 St"
"381","E 72 St & York Ave","40.76663814","-73.95348296","E 72 St & York Ave"
"382","East End Ave & E 86 St","40.77518615","-73.94446054","East End Ave & E 86 St"
"383","W 63 St & Broadway","40.77163851","-73.98261428","W 63 St & Broadway"
"384","W 67 St & Broadway","40.77492513","-73.98266566","W 67 St & Broadway"
"385","Central Park West & W 76 St","40.77896784","-73.97374737","Central Park West & W 76 St"
"386","W 76 St & Columbus Ave","40.7801839724239","-73.9772853255272","W 76 St & Columbus Ave"
"387","W 78 St & Broadway","40.78339981","-73.98093133","W 78 St & Broadway"
"388","Central Park West & W 68 St","40.7734066","-73.97782542","Central Park West & W 68 St"
"389","Columbus Ave & W 72 St","40.7770575","-73.97898475","Columbus Ave & W 72 St"
"390","Central Park West & W 72 St","40.7757937668367","-73.9762057363987","Central Park West & W 72 St"
"391","Riverside Dr & W 72 St","40.7805779901033","-73.9856243133545","Riverside Dr & W 72 St"
"392","Amsterdam Ave & W 73 St","40.7796680900731","-73.9809304475784","Amsterdam Ave & W 73 St"
"393","Central Park West & W 85 St","40.78472675","-73.96961715","Central Park West & W 85 St"
"394","Riverside Dr & W 82 St","40.78720869","-73.98128127","Riverside Dr & W 82 St"
"395","W 84 St & Columbus Ave","40.78499979","-73.97283406","W 84 St & Columbus Ave"
"396","Amsterdam Ave & W 82 St","40.78524672","-73.97667321","Amsterdam Ave & W 82 St"
"397","W 74 St & Columbus Ave","40.7785669","-73.97754961","W 74 St & Columbus Ave"
"398","Riverside Blvd & W 67 St","40.777507027548","-73.9888858795166","Riverside Blvd & W 67 St"
"399","W 70 St & Amsterdam Ave","40.77748046","-73.98288594","W 70 St & Amsterdam Ave"
"400","W 84 St & Broadway","40.7867947","-73.977112","W 84 St & Broadway"
"401","Riverside Dr & W 78 St","40.78414472","-73.98362492","Riverside Dr & W 78 St"
"402","Park Ave & Marcus Garvey Blvd","40.698617","-73.941342","Park Ave & Marcus Garvey Blvd"
"403","Brooklyn Bridge Park - Pier 2","40.69878","-73.99712","Brooklyn Bridge Park - Pier 2"
"404","Exchange Place","40.7162469","-74.0334588","Exchange Place"
"405","Paulus Hook","40.7141454","-74.0335519","Paulus Hook"
"406","City Hall","40.7177325","-74.043845","City Hall"
"407","Grove St PATH","40.7195861164717","-74.0431174635887","Grove St PATH"
"408","Warren St","40.7211236","-74.03805095","Warren St"
"409","Union St","40.7182113","-74.0836394","Union St"
"410","Liberty Light Rail","40.7112423","-74.0557013","Liberty Light Rail"
"411","Lincoln Park","40.7246050998869","-74.0784059464931","Lincoln Park"
"412","McGinley Square","40.7253399253558","-74.0676221251488","McGinley Square"
"413","Sip Ave","40.7307426253066","-74.0637838840485","Sip Ave"
"414","Riverview Park","40.7443187","-74.0439909","Riverview Park"
"415","Heights Elevator","40.7487159453802","-74.0404433012009","Heights Elevator"
"416","Newport Pkwy","40.7287448","-74.0321082","Newport Pkwy"
"417","Dey St","40.737711","-74.066921","Dey St"
"418","Newport PATH","40.7272235","-74.0337589","Newport PATH"
"419","Hamilton Park","40.727595966","-74.044247311","Hamilton Park"
"420","JC Medical Center","40.7165397809919","-74.0496379137039","JC Medical Center"
"421","Hilltop","40.7311689","-74.0575736","Hilltop"
"422","Oakland Ave","40.7376037","-74.0524783","Oakland Ave"
"423","Brunswick St","40.7241765","-74.0506564","Brunswick St"
"424","Pershing Field","40.742677141","-74.051788633","Pershing Field"
"425","Newark Ave","40.72152515","-74.046304543","Newark Ave"
"426","Christ Hospital","40.734785818","-74.050443636","Christ Hospital"
"427","Van Vorst Park","40.71848892","-74.047726625","Van Vorst Park"
"428","Essex Light Rail","40.7127742","-74.0364857","Essex Light Rail"
"429","5 Corners Library","40.7349610200095","-74.0595030784607","5 Corners Library"
"430","47 Ave & 31 St","40.743","-73.93561","47 Ave & 31 St"
"431","E 55 St & 3 Ave","40.7589965596051","-73.9686539769173","E 55 St & 3 Ave"
"432","Baldwin at Montgomery","40.7236589","-74.0641943","Baldwin at Montgomery"
"433","W 82 St & Central Park West","40.78275","-73.97137","W 82 St & Central Park West"
"434","E 67 St & Park Ave","40.7678008014813","-73.9659208059311","E 67 St & Park Ave"
"435","Bond St & Fulton St","40.6896218879033","-73.9830426871777","Bond St & Fulton St"
"436","E 48 St & 5 Ave","40.7572456791173","-73.978059142828","E 48 St & 5 Ave"
"437","E 41 St & Madison Ave","40.752165280622","-73.9799219369888","E 41 St & Madison Ave"
"438","W 42 St & Dyer Ave","40.7589848139963","-73.9937996864319","W 42 St & Dyer Ave"
"439","Monroe St & Tompkins Ave","40.686203","-73.944694","Monroe St & Tompkins Ave"
"440","Schermerhorn St & Court St","40.6910292567797","-73.991833627224","Schermerhorn St & Court St"
"441","E 58 St & 1 Ave","40.7589238637769","-73.9622622728348","E 58 St & 1 Ave"
"442","University Pl & E 8 St","40.7314372408523","-73.9949034154415","University Pl & E 8 St"
"443","Verona Pl & Fulton St","40.6803560840434","-73.9476791024208","Verona Pl & Fulton St"
"444","Pier 40 - Hudson River Park","40.7277140777778","-74.011295735836","Pier 40 - Hudson River Park"
"445","W 27 St & 10 Ave","40.7501815632568","-74.0021842718124","W 27 St & 10 Ave"
"446","9 Ave & W 28 St","40.7493702419328","-73.9992338418961","9 Ave & W 28 St"
"447","Mercer St & Bleecker St","40.7270636334831","-73.9966213703155","Mercer St & Bleecker St"
"448","Cooper Square & Astor Pl","40.7295149622495","-73.990752696991","Cooper Square & Astor Pl"
"449","Morris Canal","40.7124188237569","-74.0385255217552","Morris Canal"
"450","Lafayette Park","40.7134638266919","-74.0628585219383","Lafayette Park"
"451","Brunswick & 6th","40.7260117296463","-74.0503889322281","Brunswick & 6th"
"452","Jersey & 6th St","40.7252891078113","-74.0455716848373","Jersey & 6th St"
"453","Jersey & 3rd","40.7233315864644","-74.0459525585174","Jersey & 3rd"
"454","Manila & 1st","40.72165072488","-74.0428841114044","Manila & 1st"
"455","Columbus Drive","40.7183551982321","-74.0389144420624","Columbus Drive"
"456","Marin Light Rail","40.7145840353589","-74.042817056179","Marin Light Rail"
"457","Communipaw & Berry Lane","40.7143583687043","-74.0666109323502","Communipaw & Berry Lane"
"458","Monmouth and 6th","40.725685483629","-74.0487903356552","Monmouth and 6th"
"459","Dixon Mills","40.7216301426384","-74.0499678254128","Dixon Mills"
"460","Astor Place","40.719282200707","-74.071261882782","Astor Place"
"461","Leonard Gordon Park","40.7459099663156","-74.0572714805603","Leonard Gordon Park"
"462","5 Ave & E 88 St","40.78307","-73.95939","5 Ave & E 88 St"
"463","W 89 St & Columbus Ave","40.7882213","-73.97041561","W 89 St & Columbus Ave"
"464","E 88 St & Park Ave","40.78141070019","-73.9559590816498","E 88 St & Park Ave"
"465","W 87 St & Amsterdam Ave","40.78839","-73.9747","W 87 St & Amsterdam Ave"
"466","E 89 St & 3 Ave","40.7806284","-73.9521667","E 89 St & 3 Ave"
"467","E 88 St & 1 Ave","40.778301","-73.9488134","E 88 St & 1 Ave"
"468","W 90 St & Amsterdam Ave","40.7901794809508","-73.9728891849518","W 90 St & Amsterdam Ave"
"469","E 89 St & York Ave","40.7779453","-73.946041","E 89 St & York Ave"
"470","5 Ave & E 93 St","40.7857851","-73.957481","5 Ave & E 93 St"
"471","W 92 St & Broadway","40.7921","-73.9739","W 92 St & Broadway"
"472","E 91 St & Park Ave","40.7835016","-73.955327","E 91 St & Park Ave"
"473","Central Park W & W 96 St","40.79127","-73.964839","Central Park W & W 96 St"
"474","E 93 St & 2 Ave","40.7824541752799","-73.9489196240902","E 93 St & 2 Ave"
"475","6 St & 7 Ave","40.6686627","-73.97988067","6 St & 7 Ave"
"476","Warren St & Court St","40.686371","-73.99383324","Warren St & Court St"
"477","E 98 St & Park Ave","40.78813","-73.95206","E 98 St & Park Ave"
"478","Prospect Park West & 8 St","40.6651468153379","-73.9763760566711","Prospect Park West & 8 St"
"479","Columbus Ave & W 95 St","40.7919557","-73.968087","Columbus Ave & W 95 St"
"480","Columbus Ave & W 103 St","40.7969347","-73.9643412291","Columbus Ave & W 103 St"
"481","Butler St & Court St","40.6849894","-73.99440329","Butler St & Court St"
"482","6 Ave & 9 St","40.668127","-73.98377641","6 Ave & 9 St"
"483","E 91 St & 2 Ave","40.7811222993417","-73.9496558904648","E 91 St & 2 Ave"
"484","10 St & 7 Ave","40.6662078","-73.98199886","10 St & 7 Ave"
"485","West End Ave & W 94 St","40.7941654","-73.974124","West End Ave & W 94 St"
"486","Kane St & Clinton St","40.6861758","-73.99645295","Kane St & Clinton St"
"487","E 97 St & 3 Ave","40.7859201","-73.94860294","E 97 St & 3 Ave"
"488","14 St & 7 Ave","40.663779","-73.98396846","14 St & 7 Ave"
"489","Columbia St & Kane St","40.68763155","-74.0016256","Columbia St & Kane St"
"490","1 Ave & E 94 St","40.7817212","-73.94594","1 Ave & E 94 St"
"491","6 Ave & 12 St","40.6663181","-73.9854617","6 Ave & 12 St"
"492","W 95 St & Broadway","40.7937704","-73.971888","W 95 St & Broadway"
"493","Henry St & Degraw St","40.6847514","-73.99917254","Henry St & Degraw St"
"494","10 St & 5 Ave","40.6686273","-73.98700053","10 St & 5 Ave"
"495","2 Ave & E 96 St","40.7839636","-73.9471673","2 Ave & E 96 St"
"496","14 St & 5 Ave","40.666287","-73.98895053","14 St & 5 Ave"
"497","Central Park West & W 100 St","40.7940666081855","-73.9628684520721","Central Park West & W 100 St"
"498","Clinton St & Union St","40.6831164","-73.99785267","Clinton St & Union St"
"499","12 St & 4 Ave","40.668603","-73.9904394","12 St & 4 Ave"
"500","W 106 St & Central Park West","40.7981856","-73.9605909006","W 106 St & Central Park West"
"501","3 Ave & 14 St","40.6685455","-73.99333264","3 Ave & 14 St"
"502","Clinton St & Centre St","40.67434","-74.00194698","Clinton St & Centre St"
"503","3 Ave & E 100 St","40.7877214","-73.94728331","3 Ave & E 100 St"
"504","W 100 St & Manhattan Ave","40.795","-73.9645","W 100 St & Manhattan Ave"
"505","Degraw St & Smith St","40.6829151","-73.99318208","Degraw St & Smith St"
"506","Henry St & Bay St","40.6725058","-74.00494695","Henry St & Bay St"
"507","Riverside Dr & W 104 St","40.8013434","-73.9711457439","Riverside Dr & W 104 St"
"508","Degraw St & Hoyt St","40.681990442707","-73.9907902479172","Degraw St & Hoyt St"
"509","Columbia St & Lorraine St","40.6747055","-74.0075572","Columbia St & Lorraine St"
"510","Union St & 4 Ave","40.6772744","-73.98282002","Union St & 4 Ave"
"511","E 97 St & Madison Ave","40.787801","-73.953559","E 97 St & Madison Ave"
"512","Dwight St & Van Dyke St","40.673635513415","-74.0119555592537","Dwight St & Van Dyke St"
"513","2 Ave & E 99 St","40.7862586","-73.94552579","2 Ave & E 99 St"
"514","Berkeley Pl & 6 Ave","40.6765304","-73.97846879","Berkeley Pl & 6 Ave"
"515","Wolcott St & Dwight St","40.6753274","-74.0100698","Wolcott St & Dwight St"
"516","Central Park West & W 102 St","40.795346","-73.96186","Central Park West & W 102 St"
"517","Pioneer St & Richards St","40.6777748","-74.0094613","Pioneer St & Richards St"
"518","W 107 St & Columbus Ave","40.7997568","-73.9621128676","W 107 St & Columbus Ave"
"519","Pioneer St & Van Brunt St","40.679043","-74.011169","Pioneer St & Van Brunt St"
"520","Madison Ave & E 99 St","40.7894854155321","-73.9524292945862","Madison Ave & E 99 St"
"521","Berkeley Pl & 7 Ave","40.6751468387098","-73.9752320945263","Berkeley Pl & 7 Ave"
"522","Van Brunt St & Wolcott St","40.6773429","-74.01275056","Van Brunt St & Wolcott St"
"523","Coffey St & Conover St","40.677236","-74.015665","Coffey St & Conover St"
"524","Grand Army Plaza & Plaza St West","40.6729679","-73.97087984","Grand Army Plaza & Plaza St West"
"525","W 100 St & Broadway","40.7973721","-73.97041192","W 100 St & Broadway"
"526","E 102 St & 1 Ave","40.7869946","-73.94164802","E 102 St & 1 Ave"
"527","Sigourney St & Columbia St","40.6726724341095","-74.0087952464819","Sigourney St & Columbia St"
"528","3 St & Prospect Park West","40.668132","-73.97363831","3 St & Prospect Park West"
"529","E 66 St & Madison Ave","40.7680088930595","-73.9684528112411","E 66 St & Madison Ave"
"530","Amsterdam Ave & W 66 St","40.7746671","-73.98470567","Amsterdam Ave & W 66 St"
"531","W 106 St & Amsterdam Ave","40.8008363","-73.9664492472","W 106 St & Amsterdam Ave"
"532","Garfield Pl & 8 Ave","40.6711978","-73.97484126","Garfield Pl & 8 Ave"
"533","E 68 St & Madison Ave","40.7691572","-73.96703464","E 68 St & Madison Ave"
"534","Amsterdam Ave & W 79 St","40.7829391","-73.9786517","Amsterdam Ave & W 79 St"
"535","Carroll St & 6 Ave","40.6740886","-73.9787282","Carroll St & 6 Ave"
"536","Madison Ave & E 82 St","40.7781314","-73.96069399","Madison Ave & E 82 St"
"537","E 102 St & Park Ave","40.7904828","-73.95033068","E 102 St & Park Ave"
"538","Carroll St & 5 Ave","40.6751622","-73.9814832","Carroll St & 5 Ave"
"539","3 St & 7 Ave","40.6703837","-73.97839676","3 St & 7 Ave"
"540","West End Ave & W 107 St","40.8021174","-73.9681805305","West End Ave & W 107 St"
"541","5 Ave & E 103 St","40.7922553","-73.95249933","5 Ave & E 103 St"
"542","5 Ave & 3 St","40.6728155","-73.98352355","5 Ave & 3 St"
"543","E 82 St & East End Ave","40.7724607","-73.9468208","E 82 St & East End Ave"
"544","E 78 St & 2 Ave","40.7727966","-73.95577801","E 78 St & 2 Ave"
"545","4 Ave & 2 St","40.6746134224758","-73.9850114285946","4 Ave & 2 St"
"546","E 74 St & 1 Ave","40.7689738","-73.95482273","E 74 St & 1 Ave"
"547","3 St & 3 Ave","40.6750705","-73.98775226","3 St & 3 Ave"
"548","Central Park North & Adam Clayton Powell Blvd","40.799484","-73.955613","Central Park North & Adam Clayton Powell Blvd"
"549","3 Ave & E 72 St","40.7699426","-73.96060712","3 Ave & E 72 St"
"550","E 65 St & 2 Ave","40.7647185194434","-73.962220698595","E 65 St & 2 Ave"
"551","Carroll St & Bond St","40.6786115","-73.99037292","Carroll St & Bond St"
"552","E 76 St & Park Ave","40.773763","-73.96222088","E 76 St & Park Ave"
"553","E 103 St & Lexington Ave","40.7903051","-73.94755757","E 103 St & Lexington Ave"
"554","3 St & Hoyt St","40.6777287","-73.99364123","3 St & Hoyt St"
"555","Carroll St & Smith St","40.680611","-73.99475825","Carroll St & Smith St"
"556","Cathedral Pkwy & Broadway","40.804213","-73.96699104","Cathedral Pkwy & Broadway"
"557","Smith St & 3 St","40.6787242","-73.99599099","Smith St & 3 St"
"558","1 Pl & Clinton St","40.6809591","-73.99905709","1 Pl & Clinton St"
"559","E 106 St & Madison Ave","40.7934337","-73.94945003","E 106 St & Madison Ave"
"560","President St & Henry St","40.6828003","-73.99990419","President St & Henry St"
"561","Carroll St & Columbia St","40.6830456","-74.00348559","Carroll St & Columbia St"
"562","E 109 St & 3 Ave","40.79329668","-73.9432083","E 109 St & 3 Ave"
"563","E 106 St & 1 Ave","40.7892529","-73.93956237","E 106 St & 1 Ave"
"564","Commerce St & Van Brunt St","40.6812117","-74.00860912","Commerce St & Van Brunt St"
"565","Richards St & Delavan St","40.6794327","-74.00785041","Richards St & Delavan St"
"566","Columbia St & W 9 St","40.6769993","-74.00647134","Columbia St & W 9 St"
"567","Henry St & W 9 St","40.6763744","-74.00324957","Henry St & W 9 St"
"568","Clinton St & 4 Place","40.6783563","-74.00014502","Clinton St & 4 Place"
"569","Court St & Nelson St","40.6763947","-73.99869893","Court St & Nelson St"
"570","Smith St & 9 St","40.6746957","-73.99785768","Smith St & 9 St"
"571","7 St & 3 Ave","40.6726029815013","-73.9898300170898","7 St & 3 Ave"
"572","E 110 St & Madison Ave","40.7961535","-73.94782145","E 110 St & Madison Ave"
"573","2 Ave & 9 St","40.6724811","-73.99331394","2 Ave & 9 St"
"574","Court St & State St","40.6902375","-73.99203074","Court St & State St"
"575","4 Ave & 9 St","40.6705135","-73.98876585","4 Ave & 9 St"
"576","7 St & 5 Ave","40.6704922","-73.98541675","7 St & 5 Ave"
"577","5 St & 6 Ave","40.6704836","-73.98208968","5 St & 6 Ave"
"578","Union St & Nevins St","40.6790979972168","-73.9876547455788","Union St & Nevins St"
"579","Congress St & Clinton St","40.6881529","-73.99520919","Congress St & Clinton St"
"580","Bergen St & Smith St","40.6867443","-73.99063168","Bergen St & Smith St"
"581","Dean St & Hoyt St","40.6864442","-73.98759104","Dean St & Hoyt St"
"582","Bond St & Bergen St","40.6849668","-73.98620772","Bond St & Bergen St"
"583","Pacific St & Nevins St","40.6853761","-73.98302136","Pacific St & Nevins St"
"584","Wyckoff St & 3 Ave","40.6827549","-73.98258555","Wyckoff St & 3 Ave"
"585","Bergen St & Flatbush Ave","40.6809447234773","-73.9756733179092","Bergen St & Flatbush Ave"
"586","Prospect Pl & 6 Ave","40.6793307","-73.97519523","Prospect Pl & 6 Ave"
"587","7 Ave & Park Pl","40.6776147","-73.97324283","7 Ave & Park Pl"
"588","Baltic St & 5 Ave","40.6795766","-73.97854971","Baltic St & 5 Ave"
"589","Plaza St West & Flatbush Ave","40.6750207","-73.97111473","Plaza St West & Flatbush Ave"
"590","Douglass St & 4 Ave","40.6792788","-73.98154004","Douglass St & 4 Ave"
"591","Douglass St & 3 Ave","40.6802133","-73.98432695","Douglass St & 3 Ave"
"592","Columbia St & Degraw St","40.6859296","-74.00242364","Columbia St & Degraw St"
"593","West Drive & Prospect Park West","40.6610633719006","-73.9794525504112","West Drive & Prospect Park West"
"594","E 106 St & Lexington Ave","40.791976","-73.945993","E 106 St & Lexington Ave"
"595","2 Ave & E 104 St","40.7892105","-73.94370784","2 Ave & E 104 St"
"596","Lafayette St & Jersey St","40.7243052725033","-73.9960098266602","Lafayette St & Jersey St"
"597","Hanson Pl & Ashland Pl","40.6850680730818","-73.9779075980186","Hanson Pl & Ashland Pl"
"598","Richardson St & N Henry St","40.7190789117956","-73.9422369003296","Richardson St & N Henry St"
"599","E 35 St & 3 Ave","40.746524","-73.977885","E 35 St & 3 Ave"
"600","W 88 St & West End Ave","40.7902541733042","-73.9771834015846","W 88 St & West End Ave"
"601","Grand St & Elizabeth St","40.718822","-73.99596","Grand St & Elizabeth St"
"602","Riverside Dr & W 91 St","40.7931348098666","-73.9770036935806","Riverside Dr & W 91 St"
"603","Fulton St & Adams St","40.6924182925785","-73.989494740963","Fulton St & Adams St"
"604","Eckford St & Engert Ave","40.7214625622982","-73.9480090141296","Eckford St & Engert Ave"
"605","Bayard St & Leonard St","40.7191557169604","-73.9488539099693","Bayard St & Leonard St"
"606","Devoe St & Lorimer St","40.7133522622288","-73.9491033554077","Devoe St & Lorimer St"
"607","Leonard St & Maujer St","40.7103685423523","-73.9470595121384","Leonard St & Maujer St"
"608","Jackson St & Leonard St","40.7163803197356","-73.9482128620148","Jackson St & Leonard St"
"609","E 58 St & Madison Ave","40.7630259428052","-73.9720952510834","E 58 St & Madison Ave"
"610","W 55 St & 6 Ave","40.763093872708","-73.9783501625061","W 55 St & 6 Ave"
"611","E 53 St & 3 Ave","40.7576322773944","-73.9693057537079","E 53 St & 3 Ave"
"612","Murray St & Greenwich St","40.7148515052625","-74.0112233161926","Murray St & Greenwich St"
"613","E 16 St & Irving Pl","40.7353670556054","-73.9879739284515","E 16 St & Irving Pl"
"614","W Broadway & Spring Street","40.7249467235942","-74.0016585588455","W Broadway & Spring Street"
"615","India St & West St","40.7318140172097","-73.9599502086639","India St & West St"
"616","W 15 St & 10 Ave","40.742753828659","-74.0074735879898","W 15 St & 10 Ave"
"617","6 Ave & Spring St","40.7252556952547","-74.0041208267212","6 Ave & Spring St"
"618","39 St & 2 Ave - Citi Bike HQ at Industry City","40.6553997744783","-74.0106278657913","39 St & 2 Ave - Citi Bike HQ at Industry City"
"619","2 Ave & 36 St - Citi Bike HQ at Industry City","40.6570886666848","-74.0087020397186","2 Ave & 36 St - Citi Bike HQ at Industry City"
"620","York St","40.71649","-74.04105","York St"
"621","Montgomery St","40.71942","-74.05099","Montgomery St"
"622","Schermerhorn St & Bond St","40.6884174275408","-73.9845165610313","Schermerhorn St & Bond St"
"623","E 116 St & 2 Ave","40.796879","-73.937261","E 116 St & 2 Ave"
"624","E 118 St & 1 Ave","40.79747","-73.93504","E 118 St & 1 Ave"
"625","E 118 St & Park Ave","40.8005385","-73.9419949","E 118 St & Park Ave"
"626","E 118 St & 3 Ave","40.799139","-73.9389152","E 118 St & 3 Ave"
"627","E 115 St & Lexington Ave","40.797911","-73.9423","E 115 St & Lexington Ave"
"628","E 114 St & 1 Ave","40.7945663","-73.9362541","E 114 St & 1 Ave"
"629","1 Ave & E 110 St","40.7923272","-73.9383","1 Ave & E 110 St"
"630","Pleasant Ave & E 116 St","40.7949879","-73.9333349","Pleasant Ave & E 116 St"
"631","Pleasant Ave & E 120 St","40.7974772","-73.9311847","Pleasant Ave & E 120 St"
"632","2 Ave & E 122 St","40.8006721","-73.9349","2 Ave & E 122 St"
"633","E 115 St & Madison Ave","40.7989445","-73.944846","E 115 St & Madison Ave"
"634","E 118 St & Madison Ave","40.8014866","-73.9442507","E 118 St & Madison Ave"
"635","Lexington Ave & E 111 St","40.7954121","-73.9441232","Lexington Ave & E 111 St"
"636","Madison Ave & E 120 St","40.80295","-73.942954","Madison Ave & E 120 St"
"637","E 123 St & Lexington Ave","40.8029263","-73.9379","E 123 St & Lexington Ave"
"638","Lexington Ave & E 127 St","40.805726","-73.936322","Lexington Ave & E 127 St"
"639","Lexington Ave & E 120 St","40.8013066","-73.9398167","Lexington Ave & E 120 St"
"640","Park Ave & E 124 St","40.8045555","-73.9396861","Park Ave & E 124 St"
"641","St Nicholas Ave & Manhattan Ave","40.809725","-73.953149","St Nicholas Ave & Manhattan Ave"
"642","Lenox Ave & W 115 St","40.8011939","-73.9500739","Lenox Ave & W 115 St"
"643","Adam Clayton Powell Blvd & W 123 St","40.8078316","-73.949373","Adam Clayton Powell Blvd & W 123 St"
"644","Adam Clayton Powell Blvd & W 115 St","40.802535","-73.9532423","Adam Clayton Powell Blvd & W 115 St"
"645","27 Ave & 4 St","40.7747175","-73.9337894","27 Ave & 4 St"
"646","21 St & Hoyt Ave S","40.774645","-73.923706","21 St & Hoyt Ave S"
"647","Astoria Park S & Shore Blvd","40.7767","-73.927631","Astoria Park S & Shore Blvd"
"648","24 Ave & 26 St","40.774591","-73.918544","24 Ave & 26 St"
"649","31 St & Astoria Blvd","40.7699176","-73.9184057","31 St & Astoria Blvd"
"650","31 St & Hoyt Ave N","40.7711528","-73.9170074","31 St & Hoyt Ave N"
"651","Lenox Ave & W 126 St","40.808442","-73.9452087","Lenox Ave & W 126 St"
"652","Adam Clayton Powell Blvd & W 118 St","40.804372","-73.951475","Adam Clayton Powell Blvd & W 118 St"
"653","Lenox Ave & W 111 St","40.7987859","-73.9523","Lenox Ave & W 111 St"
"654","37 St & 24 Ave","40.7701477","-73.9120938","37 St & 24 Ave"
"655","24 Ave & 29 St","40.7729","-73.916142","24 Ave & 29 St"
"656","19 St & 24 Ave","40.7774552","-73.9225403","19 St & 24 Ave"
"657","23 Ave & 27 St","40.776165","-73.9153175","23 Ave & 27 St"
"658","31 St & 23 Ave","40.7747878","-73.9125551","31 St & 23 Ave"
"659","5 Ave & E 126 St","40.80698","-73.941747","5 Ave & E 126 St"
"660","Steinway St & 23 Ave","40.7713937","-73.9077436","Steinway St & 23 Ave"
"661","Lenox Ave & W 130 St","40.8107922","-73.9430681","Lenox Ave & W 130 St"
"662","Crescent St & Ditmars Blvd","40.7787185","-73.9145645","Crescent St & Ditmars Blvd"
"663","Frederick Douglass Blvd & W 129 St","40.8125511","-73.9492286","Frederick Douglass Blvd & W 129 St"
"664","Ditmars Blvd & 19 St","40.78145","-73.9183302","Ditmars Blvd & 19 St"
"665","St. Nicholas Ave & W 126 St","40.8114323","-73.9518776","St. Nicholas Ave & W 126 St"
"666","Frederick Douglass Blvd & W 117 St","40.805159","-73.954692","Frederick Douglass Blvd & W 117 St"
"667","Mt Morris Park W & W 120 St","40.804038","-73.945925","Mt Morris Park W & W 120 St"
"668","W 116 St & Broadway","40.8082","-73.9641","W 116 St & Broadway"
"669","Carlton Ave & Dean St","40.6809741","-73.9710097","Carlton Ave & Dean St"
"670","W 110 St & Amsterdam Ave","40.802692","-73.96295","W 110 St & Amsterdam Ave"
"671","W 116 St & Amsterdam Ave","40.8067581","-73.9607082","W 116 St & Amsterdam Ave"
"672","Morningside Ave & W 123 St","40.81","-73.9551508","Morningside Ave & W 123 St"
"673","Amsterdam Ave & W 125 St","40.813358","-73.956461","Amsterdam Ave & W 125 St"
"674","Amsterdam Ave & W 119 St","40.8086249","-73.9596214","Amsterdam Ave & W 119 St"
"675","Morningside Dr & Amsterdam Ave","40.81028506306","-73.9573645591736","Morningside Dr & Amsterdam Ave"
"676","Underhill Ave & Pacific St","40.6804836","-73.9646795","Underhill Ave & Pacific St"
"677","Broadway & W 122 St","40.8120562","-73.9612547","Broadway & W 122 St"
"678","Pacific St & Classon Ave","40.6791944","-73.9587903","Pacific St & Classon Ave"
"679","Broadway & Moylan Pl","40.8143256","-73.9590255","Broadway & Moylan Pl"
"680","Grand Ave & Bergen St","40.678045","-73.962408","Grand Ave & Bergen St"
"681","3 Ave & E 112 St","40.795508","-73.941606","3 Ave & E 112 St"
"682","W 113 St & Broadway","40.805973","-73.964928","W 113 St & Broadway"
"683","Frederick Douglass Blvd & W 112 St","40.801694","-73.957145","Frederick Douglass Blvd & W 112 St"
"684","Vernon Blvd & 41 Rd","40.7552433","-73.9485678","Vernon Blvd & 41 Rd"
"685","28 St & 41 Ave","40.751047","-73.93797","28 St & 41 Ave"
"686","24 St & 41 Ave","40.7527085","-73.9397405","24 St & 41 Ave"
"687","40 Ave & 9 St","40.75742","-73.945133","40 Ave & 9 St"
"688","Bergen St & Vanderbilt Ave","40.6794388","-73.9680438","Bergen St & Vanderbilt Ave"
"689","21 St & 38 Ave","40.7576314","-73.9391224","21 St & 38 Ave"
"690","28 St & 38 Ave","40.754876","-73.934326","28 St & 38 Ave"
"691","37 Ave & 35 St","40.7531106","-73.9279917","37 Ave & 35 St"
"692","Classon Ave & St Marks Ave","40.6765198","-73.9596082","Classon Ave & St Marks Ave"
"693","28 St & 36 Ave","40.757186","-73.932719","28 St & 36 Ave"
"694","21 St & 36 Ave","40.7601853","-73.9362726","21 St & 36 Ave"
"695","36 Ave & 10 St","40.7614376","-73.9411265","36 Ave & 10 St"
"696","Crescent St & 35 Ave","40.7596276","-73.9321455","Crescent St & 35 Ave"
"697","11 St & 35 Ave","40.7627442","-73.9391141","11 St & 35 Ave"
"698","34 St & 35 Ave","40.7569332","-73.9262231","34 St & 35 Ave"
"699","Franklin Ave & St Marks Ave","40.6758324","-73.9561677","Franklin Ave & St Marks Ave"
"700","35 Ave & 37 St","40.7557327","-73.9236611","35 Ave & 37 St"
"701","Bedford Ave & Bergen St","40.676368","-73.952918","Bedford Ave & Bergen St"
"702","34 Ave & 38 St","40.756913","-73.921631","34 Ave & 38 St"
"703","35 St & 34 Ave","40.7580583","-73.9242751","35 St & 34 Ave"
"704","Prospect Pl & Underhill Ave","40.6769694","-73.96579","Prospect Pl & Underhill Ave"
"705","Crescent St & 34 Ave","40.76108","-73.930562","Crescent St & 34 Ave"
"706","Park Pl & Vanderbilt Ave","40.6767","-73.969024","Park Pl & Vanderbilt Ave"
"707","34 Ave & 21 St","40.7628138","-73.9342862","34 Ave & 21 St"
"708","Park Pl & Franklin Ave","40.6741806","-73.9564947","Park Pl & Franklin Ave"
"709","Sterling Pl & Bedford Ave","40.672695","-73.954131","Sterling Pl & Bedford Ave"
"710","St Johns Pl & Washington Ave","40.6737236","-73.9631611","St Johns Pl & Washington Ave"
"711","Underhill Ave & Lincoln Pl","40.6740123","-73.9671457","Underhill Ave & Lincoln Pl"
"712","Lincoln Pl & Classon Ave","40.6721683","-73.9609","Lincoln Pl & Classon Ave"
"713","Eastern Pkwy & Washington Ave","40.6716493","-73.9631145","Eastern Pkwy & Washington Ave"
"714","Eastern Pkwy & Franklin Ave","40.6707767","-73.9576801","Eastern Pkwy & Franklin Ave"
"715","Union St & Bedford Ave","40.6691783","-73.9554162","Union St & Bedford Ave"
"716","34 Ave & 13 St","40.7638753","-73.9364848","34 Ave & 13 St"
"717","Carroll St & Washington Ave","40.6686744","-73.9618148","Carroll St & Washington Ave"
"718","Vernon Blvd & 10 St","40.7671863","-73.9373554","Vernon Blvd & 10 St"
"719","Broadway & 12 St","40.7668","-73.9347774","Broadway & 12 St"
"720","Carroll St & Franklin Ave","40.6679411","-73.9588","Carroll St & Franklin Ave"
"721","21 St & 31 Dr","40.7659","-73.930819","21 St & 31 Dr"
"722","Crescent St & Broadway","40.7633589","-73.9286471","Crescent St & Broadway"
"723","31 St & Broadway","40.761584","-73.925921","31 St & Broadway"
"724","35 St & Broadway","40.760339","-73.9222427","35 St & Broadway"
"725","Sullivan Pl & Bedford Ave","40.6642406","-73.9574686","Sullivan Pl & Bedford Ave"
"726","43 St & Broadway","40.7577284","-73.9166368","43 St & Broadway"
"727","Newton Rd & 44 St","40.7595701","-73.9142678","Newton Rd & 44 St"
"728","Franklin Ave & Empire Blvd","40.66314","-73.9605695","Franklin Ave & Empire Blvd"
"729","Sterling St & Bedford Ave","40.6627059","-73.9569115","Sterling St & Bedford Ave"
"730","31 Ave & 34 St","40.763154","-73.920827","31 Ave & 34 St"
"731","North Moore St & Greenwich St","40.7201952143746","-74.0103006362915","North Moore St & Greenwich St"
"732","31 Ave & 30 St","40.7647","-73.9240312","31 Ave & 30 St"
"733","Rogers Ave & Sterling St","40.6630619","-73.9538746","Rogers Ave & Sterling St"
"734","31 Ave & Crescent St","40.7658346","-73.9265474","31 Ave & Crescent St"
"735","49 Ave & 21 St","40.74252","-73.948852","49 Ave & 21 St"
"736","31 Ave & 14 St","40.7682","-73.9322662","31 Ave & 14 St"
"737","5 St & 51 Ave","40.7423737","-73.9566","5 St & 51 Ave"
"738","Vernon Blvd & 31 Ave","40.7692475","-73.9354504","Vernon Blvd & 31 Ave"
"739","Vernon Blvd & 30 Rd","40.770845","-73.934171","Vernon Blvd & 30 Rd"
"740","Vernon Blvd & 47 Rd","40.7449067","-73.9534573","Vernon Blvd & 47 Rd"
"741","30 Ave & 21 St","40.7703743","-73.9286078","30 Ave & 21 St"
"742","Center Blvd & 48 Ave","40.745038","-73.957539","Center Blvd & 48 Ave"
"743","Crescent St & 30 Ave","40.768692","-73.9249574","Crescent St & 30 Ave"
"744","44 Dr & 21 St","40.748","-73.9460927","44 Dr & 21 St"
"745","Steinway St & 28 Ave","40.7656251","-73.9136695","Steinway St & 28 Ave"
"746","28 Ave & 35 St","40.7671","-73.9169858","28 Ave & 35 St"
"747","27 St & Hunter St","40.7485","-73.941275","27 St & Hunter St"
"748","Newtown Ave & 23 St","40.7713615","-73.9246145","Newtown Ave & 23 St"
"749","11 St & 43 Ave","40.7519071","-73.9479119","11 St & 43 Ave"
"750","27 Ave & 9 St","40.7739825","-73.9309134","27 Ave & 9 St"
"751","E 128 St & Madison Ave","40.80756","-73.939182","E 128 St & Madison Ave"
"752","W 120 St & Claremont Ave","40.8109494","-73.9634","W 120 St & Claremont Ave"
"753","Lenox Ave & W 117 St","40.8025566","-73.9490782","Lenox Ave & W 117 St"
"754","Adam Clayton Powell Blvd & W 126 St","40.8094953477795","-73.9477649331093","Adam Clayton Powell Blvd & W 126 St"
"755","Frederick Douglass Blvd & W 115 St","40.8038654","-73.9559308","Frederick Douglass Blvd & W 115 St"
"756","Crown St & Bedford Ave","40.666563","-73.956741","Crown St & Bedford Ave"
"757","Fulton St & Waverly Ave","40.6832386546034","-73.9659959077835","Fulton St & Waverly Ave"
"758","Washington St","40.7242941","-74.0354826","Washington St"
"759","Harborside","40.7192517","-74.034234","Harborside"
"760","Journal Square","40.73367","-74.0625","Journal Square"
"761","Broadway & W 25 St","40.7428687731211","-73.9891862869263","Broadway & W 25 St"
"762","35 Ave & 10 St","40.7631548191037","-73.9398550987244","35 Ave & 10 St"
"763","48 Ave & 30 Pl","40.7412830935599","-73.9372587203979","48 Ave & 30 Pl"
"764","Flushing Ave & Vanderbilt Ave","40.6979503156954","-73.970775604248","Flushing Ave & Vanderbilt Ave"
"765","W 129 St & Convent Ave","40.8143944379158","-73.9532473683357","W 129 St & Convent Ave"
"766","31 St & 35 Ave","40.7582046469676","-73.9283215999603","31 St & 35 Ave"
"767","31 St & Northern Blvd","40.7518695142187","-73.933492898941","31 St & Northern Blvd"
"768","E 2 St & Avenue A","40.7230774906867","-73.9858362078667","E 2 St & Avenue A"
"769","W 18 St & 9 Ave","40.7435337324616","-74.0036755800247","W 18 St & 9 Ave"
"770","W 17 St & 9 Ave","40.7429489166009","-74.0041369199753","W 17 St & 9 Ave"
"771","W 16 St & 8 Ave","40.7410215090027","-74.001384973526","W 16 St & 8 Ave"
"772","Montgomery St & Franklin Ave","40.6664393068708","-73.9605563879013","Montgomery St & Franklin Ave"
"773","31 Ave & Steinway St","40.7612938972891","-73.916916847229","31 Ave & Steinway St"
"774","Leonard St & Nassau Ave","40.7239567849954","-73.9498436450958","Leonard St & Nassau Ave"
"775","E 81 St & 2 Ave","40.7747794489573","-73.9542746543884","E 81 St & 2 Ave"
"776","Dean St & Franklin Ave","40.6775920693738","-73.955637216568","Dean St & Franklin Ave"
"777","Jay St & York St","40.7014031725772","-73.9867267012596","Jay St & York St"
"778","3 Ave & E 95 St","40.7845967988489","-73.9496853947639","3 Ave & E 95 St"
"779","Van Brunt St & Van Dyke St","40.6758329439129","-74.0147262811661","Van Brunt St & Van Dyke St"
"780","Glenwood Ave","40.7275514673001","-74.0710607171059","Glenwood Ave"
"781","Fairmount Ave","40.7257261374256","-74.0719592571259","Fairmount Ave"
"782","Bergen Ave","40.722103786686","-74.0714550018311","Bergen Ave"
"783","E 43 St & 5 Ave","40.7541208107793","-73.9802518486977","E 43 St & 5 Ave"
"784","Grand St","40.7151776773203","-74.0376833081245","Grand St"
"785","W 12 St & W 4 St","40.7375612118114","-74.0039826929569","W 12 St & W 4 St"
"786","Gansevoort St & Hudson St","40.739448201304","-74.0050703287125","Gansevoort St & Hudson St"
"787","E 33 St & 1 Ave","40.7432268143217","-73.9744978398085","E 33 St & 1 Ave"
"788","W 104 St & Amsterdam Ave","40.799041392883","-73.9664947986603","W 104 St & Amsterdam Ave"
"789","Park Pl & Church St","40.7133418427591","-74.0093551576138","Park Pl & Church St"
"790","28 Ave & 44 St","40.7640893235069","-73.9106512069702","28 Ave & 44 St"
"791","5 St & Market St","40.6999974843885","-73.9744012802839","5 St & Market St"
"792","N 11 St & Kent Ave","40.7224818863822","-73.9592193067074","N 11 St & Kent Ave"
"793","Jackson Square","40.71113","-74.0789","Jackson Square"
"794","W 64 St & Thelonious Monk Circle","40.7751595343424","-73.9891869574785","W 64 St & Thelonious Monk Circle"
"795","W 50 St & 9 Ave","40.7636046779586","-73.9891795814037","W 50 St & 9 Ave"
"796","Cliff St & Fulton St","40.708317943664","-74.0050408244133","Cliff St & Fulton St"
"797","47 Ave & Skillman Ave","40.7437524099784","-73.941764831543","47 Ave & Skillman Ave"
"798","Lexington Ave & E 26 St","40.741459","-73.983293","Lexington Ave & E 26 St"
"799","W 13 St & 5 Ave","40.735445","-73.99431","W 13 St & 5 Ave"
"800","W 15 St & 6 Ave","40.7380461424828","-73.996429592371","W 15 St & 6 Ave"
"801","E 13 St & Avenue A","40.7296672939298","-73.9806796610355","E 13 St & Avenue A"
"802","W 35 St & Dyer Ave","40.754691750226","-73.9974018931389","W 35 St & Dyer Ave"
"803","Division Av & Hooper St","40.7068420310133","-73.9544353965357","Division Av & Hooper St"
"804","Driggs Ave & N 9 St","40.7181696945421","-73.9552013576031","Driggs Ave & N 9 St"
"805","40 Ave & Crescent St","40.7535992020056","-73.9379560947418","40 Ave & Crescent St"
"806","E 11 St & Avenue B","40.7274642069239","-73.9795041829348","E 11 St & Avenue B"
"807","Wyckoff St & Bond St","40.6846165389795","-73.9872128516436","Wyckoff St & Bond St"
"808","31 St & Newtown Ave","40.7675487799971","-73.9209334552288","31 St & Newtown Ave"
"809","Cadman Plaza E & Johnson St","40.695317277669","-73.9901572465897","Cadman Plaza E & Johnson St"
"810","7 Ave & Central Park South","40.7667405590595","-73.9790689945221","7 Ave & Central Park South"
"811","2 Ave & E 72 St","40.7687620293096","-73.9584079384804","2 Ave & E 72 St"
"812","Center Blvd & 51 Ave","40.7433660802702","-73.95960688591","Center Blvd & 51 Ave"
"813","Frost St & Meeker Ave","40.7178479841773","-73.9475201815367","Frost St & Meeker Ave"
"814","Pierrepont St & Monroe Pl","40.6953569332022","-73.9934402704239","Pierrepont St & Monroe Pl"
